id,firstName,lastName,identifier,affiliation
cde2d3a9-c30c-429b-a177-3a0de9b01f4c,,0142a50e-03fd-4949-93fc-2e08feee0c12,,
0154e8fa-4481-40ed-b86f-f1b96831d215,,3abbd3be-fb65-4413-bcd9-e29e238aa0e5,,ba115f92-c344-4701-bc2c-221dfb7c8e54
23e44bae-4159-4636-8912-eb8134b64c43,,3ca2eae9-a111-45ba-a219-e07041e95740,,887b8cc0-d4c6-4d7b-9981-a48b29362ab0
b84a21c1-6b9b-4462-97fd-b83484265930,Samriddhi,Agarwal,https://orcid.org/0000-0003-4497-1637,f03f8ea3-b69c-433c-9ac8-a3e86a602110
fab65a33-76ba-4b32-8559-ffde0da03a20,Ankit,Agrawal,,
406b8f52-9478-435d-a404-9f764bfd2c28,Krish,Agrawal,,
6b9c0744-047d-443e-a06a-69d8e272a610,Raghav,Agrawal,https://orcid.org/0009-0000-1788-2917,b4bf0c35-d7a7-4f19-ab58-3961d45fd127
d0df2dbe-63d2-4639-8772-d9a390ba463b,Yudhik,Agrawal,https://orcid.org/0000-0003-3827-6857,e28e4854-7864-405b-a636-488270d245b5
0cf58664-a73e-4b89-990f-d552911af702,,Airmansmith97,,
2f62e6a8-377c-4d81-864b-07a282b169b2,Arib,Alam,,
1c571ccf-d3db-4a9c-93a0-0d5f1c830217,Noah,Altunian,,
e96a9a04-5a81-4458-83a0-7b4ddd94c1bf,Vassilis,Angelopoulos,https://orcid.org/0000-0001-7024-1561,df2eece9-956d-44d2-a946-8bd78f235caa
e7d18d68-4e90-465e-8e10-0e3b83c60661,,Ankit,,
83be1bd8-e308-46dc-bd46-f4e707318ed5,Alex,Antunes,https://orcid.org/0000-0002-3098-2602,c97a18a8-2b38-4eff-8f50-dbf23bec67a8
0f44a1f3-e5a4-479d-8a63-874ca10274b9,Sandy,Antunes,,b48fbcd1-b715-4ef5-a5fa-8fd13411c0e9
a7d1f0ee-d047-450b-8cc5-f16d8cd85f9a,Quinn,Arbolante,https://orcid.org/0000-0003-0260-453X,f39019aa-9a3f-4aca-83c1-5d99e4bb36d6
bfa2c4ed-f5cc-48d1-93b4-a91a9a6b7f85,Emmanuel,Arias,,
9aef4a65-e1ef-4fb3-9f0e-55746379ff4c,,aringlis,,
e241cbf2-b3b5-4359-bb36-181988b2de34,Raphael,Attie,,
bd090dd4-a1b2-4445-9f93-f68e9d324c16,Tom,Augspurger,,
9376d2eb-271b-4231-b956-0ec54436fdcd,Igor,Babuschkin,,
9bf176e1-07ac-4e04-9cdc-ac37826c473d,Samuel T.,Badman,https://orcid.org/0000-0002-6145-436X,ddb7a981-6911-413e-9439-9f2edc6fc29a
862bcee2-c257-4b49-b7d1-71f73c029ea7,Abijith,Bahuleyan,,
1da4919f-9e2a-44d6-bd38-aae776e8344f,Jordan,Ballew,,
5d131d3e-c254-4ce8-a1c8-82507ca1ff99,Varun,Bankar,,
2eb3146b-84a8-4782-93e0-f9d1f9622e26,Chris,Bard,,
6ae1e775-7e0b-4156-a246-7ea52fe37a50,Will,Barnes,https://orcid.org/0000-0001-9642-6089,"e98c66c1-f33c-4b36-b9ee-a6f3ccc9e4f7,f2724818-4bc4-4670-8f75-2f7bbb136210,7e048cf9-a7db-4310-9f67-cca54d80a542,18c9dfcc-f7fb-4194-8542-a8d3aa9ab2ff"
680c0246-bdc0-4d26-a390-eaf8eddae629,Will,Barnes,,94b780b7-eea0-460e-bbbe-64fd197b8882
3abbd3be-fb65-4413-bcd9-e29e238aa0e5,Julie,Barnum,,
9e9ee0fb-65f8-44f7-870e-220a6f3e7594,Ankit,Baruah,,
e66796dd-85e8-4b14-ae3f-1f2c948e96ca,Ashish,Bastola,https://orcid.org/0009-0006-4968-1005,9666fcca-a54d-40e8-9a78-9fa319c36f9a
eaab8e04-ef0e-47f9-bb11-41c4f5dcc4ca,Matt,Bates,,
3a46e694-789a-4562-83d6-c22afb7ff43b,Hari Narayana,Batta,,
45b967be-280a-4d5c-9b61-94f4e25ef161,Juanjo,Bazán,https://orcid.org/0000-0001-7699-3983,ae017f21-f6fd-4c09-84b9-7fd53d0a4f5d
cf47283e-57e9-45df-b736-f02459ce4aec,Jasper P.,Beckers,,4ed5d469-0d88-453b-8228-b3807b0e2626
18eb53cf-0832-4184-b89c-b2109f013649,Manas Satish,Bedmutha,,
b624eb37-c9b7-4b25-8f34-74b3959b89f5,Ed,Behn,,
d3f251f9-02cd-47de-9035-fe6b0ae9ac4a,Samuel,Bennett,https://orcid.org/0000-0001-6420-4422,1cf36cea-a7de-4693-83f2-807fafd00c8a
b93f43a7-4cce-4c93-8e11-f970df77975c,Justin,Bergeron,,
1833a89c-9a41-4a3c-b12d-6d80cf3505bc,Ludovico,Bessi,,
a3cb96dd-425f-4a62-9df4-38930f40a7ca,Adwait,Bhope,https://orcid.org/0000-0002-7133-8776,7776ae22-4ea1-4f95-9157-4ffa4c6f9ef3
e1de620b-45ea-462c-91a7-3e3d087167df,Monica,Bobra,https://orcid.org/0000-0002-5662-9604,
db340bf9-491a-4dd0-88a8-a6ea60da8a9d,Monica,Bobra,,f4b6fb89-a1dd-4dab-b4b5-ffbe234b8e5b
881e4b66-a1f0-4db0-97fe-04c807cd69ee,Abhigyan,Bose,,
b590fe84-d0e5-45c9-8cb2-ac973cdda47f,Thomas,Braccia,,
58d5618a-09c9-4251-917d-f015f71495a9,Daniel,Brandt,https://orcid.org/0000-0003-3034-5440,db2743cc-cea3-4aa0-b9db-81ca915b00a0
2fee2aa4-3926-4434-8379-3ca7389f8804,Erik,Bray,,
eee9c593-0df0-4db7-8ab8-2a0dfcf1f27f,Daniel Garcia,Briseno,,
bede8ae3-bc2f-4b0d-960a-2eef7f14e6d8,Ezra,Brooks,,cbffb9db-933c-4928-8b43-93b9a64ff8f4
421dff5c-1450-47ef-9fc1-9e3131401d59,Khalil,Bryant,,10c8be23-58d0-4c93-90dc-aa001577fc80
984412cb-de8a-4a16-bab8-f96bc1a25fc0,Dumindu,Buddhika,,
07e65f4b-c981-4408-81d4-4a3e5f874211,Juan Camilo,Buitrago-Casas,,
30e5c9a2-d541-4be1-b2b9-917eb0f68d55,Zach,Burnett,,95104fde-81f2-4566-ac1f-0a71fa36c78a
52da8ed1-f691-46f3-9827-6800e0e0bfd7,Angeline,Burrell,https://orcid.org/0000-0001-8875-9326,bbea6ab9-2135-414d-af37-d81216e13d4d
1d387c1d-0425-404e-973b-e2272220bae6,Angeline,Burrell,,d1aa3442-851a-428f-bd8e-6451163f5c75
a873cf08-3da2-4039-916c-3bcc13fefdb7,James,Calixto,,
bf627954-1ea1-4e8f-a831-635871dd9e2a,Sean,Carroll,,
2fce0bfb-8b67-4290-b4c0-28a0e78db377,Thomas A,Caswell,,
09687def-9fb7-4fc0-96c5-ec959994c9fc,Goran,Cetusic,,
cef04c28-7cd5-4491-9378-565f2a75c5c8,Pritish,Chakraborty,https://orcid.org/0000-0001-8875-5819,b5c60d33-da63-42e9-8f8e-8a59ff177a8a
bafb8e18-e079-4890-9b97-4fcf0b77f90b,Rehan,Chalana,,1105bacc-f706-44fb-a160-a81c969d5a51
6b277116-5612-48db-9372-d2eadbc80b94,Sean,Chambers,,
bbd2089d-b373-4b2a-be74-3087974f6db3,Michael,Chambliss,https://orcid.org/0009-0003-7493-0542,
fc90f9cc-aee0-4526-893a-06098ef861c5,Prateek,Chanda,https://orcid.org/0000-0002-7068-2866,0eea266f-44b1-4adb-a11f-56507b7416c7
0142a50e-03fd-4949-93fc-2e08feee0c12,Suman,Chapai,,
9a0582e7-4973-4f6d-934c-b62cb061ed07,Michael,Charlton,,
2efad427-197e-4532-aac7-c56a7b5d9b54,Agneet,Chatterjee,https://orcid.org/0000-0002-0961-9569,a5463f9d-b6a2-42c5-ad23-db1e208d219b
b3e7e1ce-dc21-41a1-a24a-99222f6e53f8,Ankur,Chattopadhyay,,
cd2b2bab-14a5-45d2-90e8-fa7751a9d741,Kaustubh,Chaudhari,https://orcid.org/0000-0003-1734-5075,aa2b60b1-7329-4f69-a2a0-241fe46bb7b8
dcc1bf24-bd36-4ca4-a31a-46736f3560e3,Mark,Cheung,,
312ecd23-8956-4709-b8f3-8a333d51f8f3,André,Chicrala,https://orcid.org/0000-0002-5230-4909,8bfb79d8-3fbb-465b-b346-5408e5bff3f2
df91143d-57e5-4d94-acbc-c7d194209160,Syed Md Mihan,Chistie,https://orcid.org/0009-0007-5883-2749,6ecd7ba4-91a7-49f8-b734-0fc3750c496e
2a3d6002-7690-47a4-9491-e01f51eb61b0,Nicky,Chorley,https://orcid.org/0000-0002-2747-2716,cb389108-6175-44bf-a9b9-feeb935c8be0
e949d91d-2873-47c6-a123-47bd598284ba,Apoorv,Choubey,,
09c85da8-2dab-4458-8694-730134b470df,Nitin,Choudhary,https://orcid.org/0000-0001-6915-4583,f6aa8e81-5b2d-4463-a460-12e32161993e
94abf15b-80ad-45df-b99a-70625d3c6af0,Aryan,Chouhan,https://orcid.org/0000-0001-8004-7586,c4f92fbc-831f-4d5b-8ee7-4f7bee13de63
9216cf52-d2bb-46ba-857a-049d0a574f22,Steven,Christe,https://orcid.org/0000-0001-6127-795X,"6d94ed90-534f-445e-970f-c05fb10ccf0b,99137934-5a31-40d2-b99d-bd4ccb29864c"
ba49d98a-aa7b-479d-9bee-b1eaf30b7c53,Stefan,Codrescu,https://orcid.org/0000-0002-8615-4216,"9678da82-2203-4d29-9b84-cbab7d820b83,0932a88c-0c19-4a8c-86bd-982fd4b9a2f1"
1be0259c-a32d-442e-a2cf-749a8e5e52a8,Hannah,Collier,https://orcid.org/0000-0001-5592-8023,96d84323-3232-4108-8ebf-2d0f2b774ac2
6ca53604-0509-44fb-a16a-dd3b939e54e6,PlasmaPy,Community,,
dcbea284-9ea0-4f44-9739-ccbe5fc26ea4,Patrick,Cruce,,
ef38cac4-cb69-4d41-af63-8ba919cde2e1,Sally,Dacie,https://orcid.org/0000-0001-7572-2903,734ce4bc-b28b-4325-8410-16face99cf08
d72c8def-f0ad-4a42-95dd-0ec8f9b9af01,Trung Kien,Dang,https://orcid.org/0000-0001-7562-6495,94e3d625-be68-40d4-aa73-414511f83b82
c7352fd3-d447-4964-b23b-45c7921ea04b,Ratul,Das,https://orcid.org/0000-0002-5845-9979,09b88fff-03a4-4fa2-ba3a-84f9c1d46275
6f727f3a-bc06-4ffc-ae61-f485ebd5e04e,Daniel,D'Avella,,
efa54fff-81f2-4649-9daa-94b66b9d76b8,,dcc1bf24-bd36-4ca4-a31a-46736f3560e3,,
1f894bce-d651-41c2-b8b1-6eee6e135032,Jacob,Deal,,
72dd0b19-36e6-4dff-b4c4-37f6e1e0b072,Megh,Dedhia,https://orcid.org/0000-0002-5828-7679,af1c05ee-860f-4c15-8d9b-79585437bac0
ab09132c-4a4c-42af-87ff-292f937bd79a,Craig,DeForest,https://orcid.org/0000-0002-7164-2786,
8bdec27c-3437-440e-8862-d3312c5d89f0,Diego,Diaz,,
2b57fbc8-6e76-4585-8e30-a8c46bbbb664,Ansh,Dixit,https://orcid.org/0009-0004-7872-0419,464b27d6-7ee3-410b-8697-87de0425e7e7
82615276-558a-4e76-856e-b7ecbfe75172,Fionnlagh Mackenzie,Dover,https://orcid.org/0000-0002-1984-7303,643eb655-87ae-482a-ba5a-8945ad45c683
e49f3487-71e0-446e-ac76-930a15d96eff,Nina,Dresing,https://orcid.org/0000-0003-3903-4649,acb7415f-70c1-466c-a1c0-e4deb76c479f
b434374c-df1e-4feb-baaa-5262d8dd19ad,Alexander,Drozdov,https://orcid.org/0000-0002-5334-2026,df2eece9-956d-44d2-a946-8bd78f235caa
dc4f7ca1-6772-46c4-8ae1-04437c3d17e9,Sanjeev,Dubey,,
ea7056b7-1704-4dbd-9a24-6c3176bad62e,Jayraj,Dulange,https://orcid.org/0009-0003-2993-7382,f520861f-e53f-4be3-ad15-999a041dbcbe
0c220e50-2a23-4d7d-be4d-32ad07d07630,Matt,Earnshaw,,
2c31422d-505f-4e3c-a26f-ef56842b1a0c,Arthur,Eigenbrot,https://orcid.org/0000-0003-0810-4368,13fe88b2-aefb-46cb-bae7-2ea7f2c2b531
eb22e87f-91a5-46b6-88e3-fe2c97c77c99,Leah,Einhorn,,
c5f78e8a-cffc-47d5-9984-491494410b7a,John,Evans,,
1772fd04-891a-4b11-8bae-b74ac87089c4,Erik,Everson,https://orcid.org/0000-0001-6079-8307,0675ed3f-cc5a-42ba-b006-3653129b1bee
c8079dcd-7441-4f7b-8aae-ed9e240cf0e4,Jeremy,Faden,,
f561dae0-827b-42fb-be8a-6782e9b25f10,Ken,Fairchild,,
1276702f-be28-4cb1-bb4b-bd185ce3af06,Thomas,Fan,,
05b3b114-ea84-41c7-92db-27ac30922bc1,Suleiman,Farah,https://orcid.org/0009-0001-3304-2923,0d817634-9fe6-49c2-92d6-da7861dada96
8687b258-2473-46b0-975e-44f29cdce5e3,Samaiyah I.,Farid,https://orcid.org/0000-0003-0223-7004,0eccd044-211b-4c1d-92ec-33d122d98cbd
d04b21a1-01ea-4616-b72b-5294accde02d,Aaron,Flores,,
a3bf3a23-4e6a-4d60-af08-287b1954425d,Johan Freiherr von,Forstner,https://orcid.org/0000-0002-1390-4776,4def61ef-8485-4376-9ee7-890106b571e1
99b9fa02-3f2d-45cd-9717-de9b4e5f0e88,Johan L. Freiherr von,Forstner,,94a648a6-bd72-46fe-bffe-389ea3297df2
3ca2eae9-a111-45ba-a219-e07041e95740,Nabil,Freij,,9431c843-da49-4bdc-9d2e-debb09758513
de7c0779-16ad-4710-83fe-433ebcb2b5c7,Nabil,Freij,https://orcid.org/0000-0002-6253-082X,"2914edf0-eea7-4b51-9a93-6fb4d8f92b91,1af6fdb6-2d45-42a0-928c-6f31a6253d34"
98dd4738-76a4-4bdb-bca9-e3dc7ebef0e7,,FreyaJain,,
5d6003b0-165b-4c03-96a2-1ee59884ad47,Reinhard,Friedel,https://orcid.org/https://orcid.org/0000-0002-5228-0281,c440c976-ac27-4ae0-8b4b-fd723b224f87
4c934026-92a0-43dc-915e-00bb0ba2a6f8,Nathaniel,Frissell,,8ed44163-4384-4622-af9b-458efbdc52ed
a27a6239-3f2b-435c-bc84-5a4371340f85,Amarjit Singh,Gaba,https://orcid.org/0000-0002-9505-0160,05df5c9c-e096-4b67-a9c1-012f160936a8
2fa50d70-2e6e-403d-9397-3e4de603d2a1,,_Gagan,,
950770de-e264-4ccb-b576-c8ca55dc6cc2,Tim,Gates,,
f817d40e-5d15-4425-9a98-9f97713c5ded,,gchintzo,,
e9ddb14c-b566-4f4e-9cde-6359db8f751c,Koustav,Ghosh,,
7e5d2151-9b5c-41f6-97b5-df5349eac54b,Sourav,Ghosh,https://orcid.org/0000-0002-7259-5651,d851d14d-d955-48cb-be4e-0994c5181ea5
f30bcf6d-d1bd-42a6-844a-82eab8ae2dd2,Jan,Gieseler,https://orcid.org/0000-0003-1848-7067,"8c9e8ff5-5fe2-4c7d-b601-f3be312d3432,acb7415f-70c1-466c-a1c0-e4deb76c479f"
37027c51-98dd-449e-aabf-614a50409eb7,Marius,Giger,https://orcid.org/0000-0002-6863-6502,d4d7c0b4-1b68-436f-a169-031ae149b8e0
9b01dcea-622a-4a9b-b574-97d93e55ea93,Chris R.,Gilly,https://orcid.org/0000-0003-0021-9056,2d90e3f1-dbe1-42f7-b069-c5a7bf06da51
4a703560-ecf5-4ae8-a7e2-028076ec3708,Dhruv,Goel,,
e8217bb3-f6d3-4975-a2bb-e20634d5f7ad,Reid,Gomillion,,
bf55088e-5461-4ca3-a827-7df717543afd,Rahul,Gopalakrishnan,https://orcid.org/0000-0002-1282-3480,d0908a8e-0b53-49e4-a5b2-1ff914086520
9eadd126-2ebf-47bb-a6de-54ade76ee7b2,Graham,Goudeau,,
c8ec2092-310b-42a7-b35e-766106be0c83,,graham,,
3285706a-d2d4-40d7-81ee-f9fbd1772bdf,Brett J,Graham,https://orcid.org/0000-0001-6315-4507,2495d334-7627-46d5-ae00-9a5d2bfe20b4
4e53ded9-d000-4c61-bacb-b4c85f1e9cad,Eric,Grimes,https://orcid.org/0000-0001-5756-8789,cf788e46-c8d8-4cd7-9c36-24118587d93c
d9a47e4d-191a-4a60-8946-8e4783e06017,Chloé,Guennou,,
6df10c93-97c2-4186-8a3d-3e621ba755b2,Silvina,Guidoni,,2cddddb2-2881-4dbb-aa57-7e8bd73b34bf
de71012b-2f50-4143-82e8-d45ce6b44bdb,Norbert G,Gyenge,https://orcid.org/0000-0003-0464-1537,ca4f1e4d-41f2-43fa-800b-bf65fc3af244
5cb30320-44e8-4578-92eb-c08ef1e38e48,Ishtyaq,Habib,,
b0d8ab28-e562-40b8-ae9a-3511218e347c,Colby C.,Haggerty,https://orcid.org/0000-0002-2160-7288,36c4a2d0-5f85-4c83-9bfc-77a712f0c5f4
2ca7fe23-88b3-4fc6-bee0-b47631ee462e,Alex,Hamilton,,
a4fe6879-c2c2-4cb0-8851-2fb2cd772eba,Sirjan,Hansda,https://orcid.org/0009-0004-0333-3166,a4f0e14c-a28f-4021-85c5-4aa24189f680
2c9f9c28-79d6-4dad-ac84-d9a885b6319a,Raymon Skjørten,Hansen,,
ed930cc5-0074-44ce-9ef4-f2682fde22f0,Md Akramul,Haque,,01134f65-4a35-4f4e-a748-0c06740086e7
55f6778b-9e0e-48c9-980b-bb9049fab2f8,,Hardik,,
e4e0a206-e0d2-4121-ba3f-675964f4f777,Bryan,Harter,https://orcid.org/0000-0002-3908-9001,b242cb07-2bcb-4afe-ba5e-e89ae812899d
a8a9a142-cc76-4c71-88da-21f792c2d849,Maxine,Hartnett,,
d771942a-124c-4016-9e1a-bbc90578fac1,Nick,Hatzigeorgiu,,"5de15892-d5ad-4055-b4e1-11a2e2bd2d59,94750811-50aa-442c-8dfa-1dcb14bd266c"
0a671dcd-50a7-4e35-8992-2ef1546f8389,Laura,Hayes,https://orcid.org/0000-0002-6835-2390,"7e238d09-c291-4954-8735-0ef2aab0ba34,dd809fc7-d195-45e3-a3bf-fa66387e6a25"
198ef139-431e-4fd9-b421-272f3592452d,Peter,Heuer,https://orcid.org/0000-0001-5050-6606,e40f286a-3d79-4793-9a08-6cc52237b5f3
1eac3b2c-d048-4031-a327-fd2358a08ceb,Russell,Hewett,https://orcid.org/0000-0001-8944-4705,e995a87e-ac3d-4055-aec4-d151cdfb3176
d3a2d225-c380-4078-b8f7-d1e5d38d7e8f,Andrew,Hill,,
0ae9e6c0-e06e-46e5-9be1-99ae8e442a54,Julien,Hillairet,https://orcid.org/0000-0002-1073-6383,
6cdd104e-eb79-4eba-b30d-0a92ad4b6423,,Himanshu,,
5564db15-b17e-4f59-9fe0-30a21be50ca9,Michael,Hirsch,https://orcid.org/0000-0002-1637-6526,010a74f5-3f10-45d4-9a66-9077873c4d90
64abb887-2274-489b-9924-2edf69e14e5c,Kaustubh,Hiware,https://orcid.org/0000-0003-3301-1016,f07aeac8-282f-44f6-af86-32f42cee5000
89cadf76-e6aa-4e05-908e-74e1e1d72eec,Pratham,Hole,https://orcid.org/0009-0009-6926-1034,
21467b38-49d0-43cb-8948-522058178f1b,Ahmed,Hossam,https://orcid.org/0009-0007-7321-9109,b42472f7-029f-467a-9f35-2216d535ee28
d3cd1e9a-3001-4391-8ae7-36aec8b00d2e,Poh Zi,How,,
35abf890-8b3f-4934-9095-dd90d90b7f3a,,Htyeim,,
4967456a-3faf-40e7-9862-5c63e1d5636e,Yi-Min,Huang,https://orcid.org/0000-0002-4237-2211,6c76d454-a7b1-4e84-863b-d0ff716f8858
8e28a5d7-5c64-4707-8fd9-3164fc5e0ae4,J. Marcus,Hughes,https://orcid.org/0000-0003-3410-7650,"fee39198-0db7-4845-ac89-2af279ce6b57,04047936-5471-47ad-99da-631395702f14"
fbce4e52-c8cf-4104-b3fa-83f7a86c083e,Marcus,Hughes,,5fbd675f-672c-4019-8aaa-346cd2852625
13b43dfb-a0f0-4efc-aeda-6324bbb9c9ab,V. Keith,Hughitt,https://orcid.org/0000-0003-0787-9559,dee053f9-b9cc-47f3-95fb-29f12607567b
41f67807-38d9-4a64-9e78-3936c1887bfd,Nabil,Humphrey,,
101b010c-c65a-4fc2-aed2-c7c30ffd2378,Vishnunarayan K,I.,,
46f1d4e0-30d2-43cb-b24b-b551568570bb,Mateo,Inchaurrandieta,,
3ceb4f3c-777c-4ae9-89cb-7e10e207f14f,Andrew,Inglis,https://orcid.org/0000-0003-0656-2437,2bdfb99f-870c-4982-8f44-cafb9645d2ac
dd897bae-9576-43ba-95da-4e5f5f31b869,Jack,Ireland,,
7cc635e8-94ba-4faf-84b9-c4c68df2edd9,Jack,Ireland,https://orcid.org/0000-0002-2019-8881,99137934-5a31-40d2-b99d-bd4ccb29864c
8baef179-28a7-452b-a471-64c832e70e1b,Maria,Isupova,,
bfb636ab-4809-4fda-81a9-e1899da615d8,Kateryna,Ivashkiv,,
1ea4f866-889f-4c18-ac30-2a0e034c547c,,Jacob,,
e4fa38ad-d9be-491d-aa4f-ab8c602bf582,Amogh,Jahagirdar,,
722fbfd0-8c41-4c67-ad8a-5884619ae090,Sarthak,Jain,,
22d6b661-b2b1-4618-a794-1887a35f0d78,Shubham,Jain,,
fb9867a0-7a2d-4e1b-81a4-a8562389aef0,Yash,Jain,https://orcid.org/0000-0001-5347-4734,e7ccebd6-9b48-4f3b-b4ef-debc51aa6a6f
7448f385-5f7f-4543-be58-4fd4985d2672,William,Jamieson,https://orcid.org/0000-0001-5976-4492,
327b3cf2-5e85-4623-aece-1da50ce937f2,Alexis,Jeandet,,6bf90c8e-3299-4926-bc35-16c5bea92d09
943b4a6b-c528-4719-8f27-c75aadb7c1d6,Mingyu,Jeon,https://orcid.org/0009-0004-7798-5052,abee784b-f274-46d4-984c-e1248431a31a
ba65daa9-b248-4e2d-95b8-c38ce94d0598,Chris,Jeschke,,
417e27ed-b169-4831-8064-815f5fe7eab1,Myles,Johnson,,
5d8c80d3-d8e3-4392-9c4f-cf93160e966a,,juanms,,
3a081711-1c82-402f-99ca-72767ffcca7f,Juhyung,Kang,,b7ace5c3-91eb-4f47-9802-a2282c0fb3bd
822fcd2f-13de-4fad-9a93-bea37e2efad4,Swapnil,Kannojia,https://orcid.org/0000-0002-4233-774X,4084b0d7-4f88-49b7-8551-903f09e8cdd3
b7539985-5142-405b-ba2b-3085774b7799,Alex,Kaszynski,,
b851fd8d-9d83-4421-822a-9c1f03e1b0cb,Ghaith,Kdimati,https://orcid.org/0009-0006-8851-7814,d7785659-29b8-45bc-a051-86424d130ec4
aacd6651-4533-4b3e-a7de-b1c4c917f77a,Hugo Van,Kemenade,,7c87654b-e8ee-4373-8fd5-83971f805da5
0d5d6315-fac7-49ca-b3f2-437c315c11e4,James,Kent,,
40d3b563-556a-4bcc-89c6-7402d5af067d,Duygu,Keşkek,,
158318c3-43eb-4fa5-938a-b96286e6fd04,Diya,Khetarpal,https://orcid.org/0009-0009-4729-6797,
ea94a1aa-b80d-4d2f-9cbc-5f63b9e378eb,Ankit,Khushwaha,https://orcid.org/0009-0009-3953-4206,c0b84947-eb27-4e57-83a8-5aa5e7449b96
1efe5559-52d8-4447-ad49-cbf0539b6210,Michael S,Kirk,https://orcid.org/0000-0001-9874-1429,384d2361-d2c9-4e95-bc36-e5df8ee70f50
8e81f290-c15e-4d31-9166-c87f573d15c9,Sudarshan,Konge,,
5543956f-39bf-41cf-8fe6-4ab41d39ee7b,Sam Van,Kooten,https://orcid.org/0000-0002-4472-8517,4b18a727-a361-4c91-a48d-195f140ad23f
eee28dd3-e518-42c8-ab4c-bc3bdaac41a2,Yash,Kothari,,
9d86b8a6-81ff-4ecd-93fe-be69e56c981a,Pawel M.,Kozlowski,https://orcid.org/0000-0001-6849-3612,a89f4f6b-97e4-4625-927e-08dd633d52d1
d7b811fd-e7bc-47b9-acd2-9a8ed663dd26,Yash,Krishan,,
8247cb77-d6b3-46f0-bafb-efaa38b6e32e,Kalpesh,Krishna,https://orcid.org/0000-0001-6574-0817,398db147-74a8-47ec-bc2b-3c63c81570c6
5ca4916b-2464-4613-9d56-17b5211ff85b,Neeraj,Kulkarni,,
b5f103f7-d512-412a-ab52-788453a134da,Siddharth,Kulshrestha,,
72f1be77-4be9-4dbc-8c63-78a3d46f37eb,Ankit,Kumar,,
fd7c284e-da0c-4b24-a36c-eb975b12fb14,Gulshan,Kumar,https://orcid.org/0000-0001-8523-7223,2b0a90de-fe6c-4f5f-b80e-10b539f2ef12
1b1a412d-3140-4bb7-822a-4c6149b9f8cd,Arseniy,Kustov,,
4dc2d5ff-ccca-4a0c-805c-f851e3b1a134,Piotr,Kuszaj,,
677710a6-1bb4-4f12-b3ed-3d3bfa01ab36,Timo,Laitinen,https://orcid.org/0000-0002-7719-7783,0220fde4-78ce-416f-b8a0-1e9a0fb98005
5a7aa461-5232-4d6f-90e9-7cda85341c38,Leslie,Lamarche,https://orcid.org/0000-0001-7098-0524,"595d2a25-172c-447c-9560-9cbd3e175861,c436f54b-37b5-4079-841e-5f806c4fbf2b"
5f13f8fa-c0a2-450f-a17d-8b44d34a1850,Samuel J.,Langendorf,https://orcid.org/0000-0002-7757-5879,51effdc5-852e-4c0a-b29e-c05e370b799b
925f4fe8-d6e1-4cf4-99d4-6f850f4d80c0,Brian,Larsen,https://orcid.org/https://orcid.org/0000-0003-4515-0208,76541d10-c952-4ee2-8222-8e53c262ab4a
da574520-36f8-4c51-880d-a5b3e4dacc77,Brian A.,Larsen,https://orcid.org/0000-0003-4515-0208,d402d7df-3761-492c-ab7f-90226678a25c
5b5a4313-8408-4334-a1c7-1eb8848f8053,Davin,Larson,https://orcid.org/0000-0001-5030-6030,"5de15892-d5ad-4055-b4e1-11a2e2bd2d59,94750811-50aa-442c-8dfa-1dcb14bd266c"
e79e10b2-1839-414a-ae14-597d36cc61e0,Karl M.,Laundal,,9746c1d2-6fac-4d63-8443-26f5cb382e7d
6635c0ba-c3b0-4806-b0cb-afba8722393b, Ph.D.,Lei Cai,,5639973f-3756-4eda-a4ec-1c2b928968b3
5cd38bcc-109c-4eb6-b52e-83f2256afbd5,Sophie,Lemos,,
e1046dae-82c8-4d6c-93a4-b126f6fcfbf9,Andrew J.,Leonard,https://orcid.org/0000-0001-5270-7487,"b82945de-b1e8-4c2d-aead-96918ee4c8d3,75e03584-26bd-42e1-b110-25f3963630d1"
594447b9-975c-4ccd-ad6d-86360e04903b,Joseph,Letts,https://orcid.org/0000-0001-9900-739X,
15cd48c5-5cf6-4aba-b05b-4c8432a97e97,James W.,Lewis,,
5819efb0-3fb9-4e98-95f2-5b14c49d7f68,Jim,Lewis,https://orcid.org/0009-0005-4191-5906,"5de15892-d5ad-4055-b4e1-11a2e2bd2d59,94750811-50aa-442c-8dfa-1dcb14bd266c"
2808221f-713c-43ad-ada5-c58795a88514,Simon,Liedtke,,
da4c6b94-f422-4ed7-9f75-d9ccd577ccdd,Pey Lian,Lim,https://orcid.org/0000-0003-0079-4114,cd98a763-8d31-4704-a219-9d1f43a05888
7501cd9f-52e1-4944-b538-2313d7ed4c27,P. L.,Lim,,91a7cd3e-27e5-43cb-809f-2ee08f60a79d
a94e5d35-949a-43d4-ad57-48e5dddfd5c0,Cassandra,Litwinowich,https://orcid.org/0009-0002-1171-4415,4301e2e6-86ca-41e9-a246-c94fa602d690
5d6c1beb-6882-4977-8568-3d7fced6e26d,Priyank,Lodha,,
b8563229-44ab-4073-8e88-24bc02723a65,Chris,Lowder,https://orcid.org/0000-0001-8318-8229,5eb1476e-7b16-43c0-be80-ece73c396e6b
4e17b0e8-2d53-47c4-88f8-aca8e9dd006a,Greg,Lucas,https://orcid.org/0000-0003-1331-1863,"5c78dc0d-fdaf-4ccb-8766-13f4165eb3ba,d7504e0f-0260-4bb7-8e1e-6e3f2029c32a,5fd423af-6b93-43b3-9fb8-8792b90230a6,6d4b52ba-dc7c-4502-add3-af42583f9e9d,28885b21-d882-4e7e-818a-b35f4f6563a9"
86cbd127-9eee-4dfb-ba78-32115ab8ac3f,Mouloudi Mohamed,Lyes,,
7f4a313b-f7c9-47bf-abf9-98b14cda5ba7,Conor,MacBride,https://orcid.org/0000-0002-9901-8723,ee12924f-e15f-4043-bce1-d3ea96ad3796
64ada48b-a2b3-44bb-91da-9616f62f9493,Aditya,Magarde,,
ff7de896-5252-477a-88f8-4ad5b89c7b3e,Abinash,Mahapatra,https://orcid.org/0009-0000-5975-6775,212df364-d85e-45cb-aff4-4eba3d24ae70
2236d70a-73a7-4ed1-ab06-cd03163ecb00,Ritiek,Malhotra,,f39a5f45-fb56-4413-b89a-885ad48e0c52
acddd640-35dc-4e70-bfff-f3727326d369,Yash,Malik,https://orcid.org/0009-0005-7611-034X,
4c83c534-3d12-480f-aa88-c0fe2a6c6b52,Michael,Malocha,,
5e80d0d1-7b85-41da-aa28-29af079e8963,Shane,Maloney,https://orcid.org/0000-0002-4715-1805,e1e99803-f3a4-4293-81b4-ab6653b444f6
fea9d1b6-1f5e-4922-9021-8b620d506193,Benjamin,Mampaey,https://orcid.org/0000-0001-6541-4966,d699f0e4-a50c-483b-ac1d-73e725531832
02e961ec-4609-4ea5-bf2b-90a47fb6f20d,Mubin,Manasia,,
0c627641-eb5f-44be-aa9c-0cb5aaeaab58,Manas,Mangaonkar,,
298edd89-46cb-46d1-a8ae-fa759b6c57a7,Abhijeet,Manhas,https://orcid.org/0000-0002-0757-2883,55a9d418-5449-4810-8897-518e888a4065
12a24cea-5e9a-46b8-9eb8-d284142cbf74,Larry,Manley,,
d4259f5b-5cfd-4455-8184-cea714d8d8fe,Ed,Mansky,,
c8cfb28f-2d12-46e7-9bd0-e194f9e1e5dc,Joao Victor,Martinelli,,
6a2c6430-fe12-4d7c-9bd9-119c86da65be,Nathan,Masi,,
e8c17ee6-ccc9-45a3-930b-47cd4b29ecee,James Paul,Mason,https://orcid.org/0000-0002-3783-5509,796d5db0-363d-47ae-805c-a86a979b957a
e0dfab56-e527-48e6-b525-e86863dded14,Harsh,Mathur,https://orcid.org/0000-0001-5253-4213,1882bc21-e387-4be6-bb96-9453fac4da52
c478c80b-b2f3-48ca-a3b3-825715f51fd8,Florian,Mayer,,
0ead8662-05dc-4b60-b1d6-de5c93fcbf85,James,McFadden,,"5de15892-d5ad-4055-b4e1-11a2e2bd2d59,94750811-50aa-442c-8dfa-1dcb14bd266c"
a75d6183-fe00-4b00-a6a3-ce4d52fe52e1,Kurt,McKee,https://orcid.org/0000-0002-8547-8489,7702177c-c7b7-45d7-a8c0-387e4a720fd1
9618af77-ecc1-420b-84b7-731e9e4d7000,James,McTiernan,https://orcid.org/0000-0002-3038-176X,"5de15892-d5ad-4055-b4e1-11a2e2bd2d59,94750811-50aa-442c-8dfa-1dcb14bd266c"
5e0c9bb5-59c1-4a88-ada9-3d54187e436f,Gavin,Medley,https://orcid.org/0000-0002-3520-9715,
4176b030-f090-4bf4-a3b0-b2adeb4075b6,Christer Van Der,Meeren,,
cc0386be-5dca-4b01-8840-a325d6360d03,Ambar,Mehrotra,,
88bc4069-7790-490d-a4a8-6a4c2c23b51b,Rajasekhar Reddy,Mekala,,
c6b0eed2-1013-4dd2-a441-d0dc799341db,Matthew,Mendero,,
5d33f1c7-2932-4f9e-8f99-646ee42b2b0d,Tomas,Meszaros,,
8bf5c68b-3c6e-4696-99de-f50e5fa83a80,,Mika,,
e803d560-3358-44ce-8028-eda40a75681f,Aniket,Mishra,https://orcid.org/0009-0008-4790-5604,
d176d318-5b7d-4b5b-a72c-049a3c15ee22,Pankaj,Mishra,,
35242c52-d20b-41d3-bae1-ef853bc3a7ec,Rishabh,Mishra,,
1c971a51-4b51-4cd5-a5b6-01f8337cc3af,Sashank,Mishra,https://orcid.org/0000-0001-8302-1584,fbc7774c-e688-44fc-9107-2a8f6baf6e14
095d5426-8205-4dfc-a2ce-7d1208d5f590,Shivansh,Mishra,,
4719d60f-30c7-40bb-9971-c0fd2a94d298,,mkocher56,,
37d3cab3-24a9-44c4-88a0-c394bb72423b,Wenli,Mo,https://orcid.org/0000-0002-9179-9801,382a3c4a-63af-4b82-92bd-2b60772f035b
4aeafada-c3c0-47b0-be3c-c278df4dbede,Sanskar,Modi,,
6bebbb69-28e3-4414-a540-d9706fcdcc97,Carlos,Molina,https://orcid.org/0000-0003-0300-4106,
6fbd29df-80c1-40f8-b627-a652e7e03c67,Steven K.,Morley,https://orcid.org/0000-0001-8520-0199,d402d7df-3761-492c-ab7f-90226678a25c
ac6a7c89-8978-48da-bfe9-131acb5dc69c,Michael,Mueller,,
493ee719-c5c1-4777-b895-c99785bd36e5,Stuart,Mumford,,171a2ce4-d40b-4ae5-87ed-f123ba8fc15a
083cedc3-89ed-4029-b0ca-4e84cd4a2797,Stuart J.,Mumford,https://orcid.org/0000-0003-4217-4642,"a691ae86-5c23-48f6-b535-c971a8831d85,104669b1-4f76-4b0d-8431-251610923e57,2c7d9327-68f5-4147-be85-d93b22422441"
fb2dc7e1-442e-40df-899c-3ff1137792c6,Joshua,Munn,,
09e36914-a9bb-48fe-a3f9-336cc0b80afe,Nicholas A.,Murphy,https://orcid.org/0000-0001-6628-8033,"772e1782-e5cb-4bd6-b082-30c5770f26a6,b15b6a90-a6ab-426c-a5f4-30a9537c508b,0f287da2-78ff-4f95-adb2-0eb11713e6d3,b6ad1cfd-d84f-45a9-91d4-14c5223bb106,ce52972a-c3c2-4981-a6d7-382c19801961,1beb96e3-3294-4a99-a68b-53a8e454be92"
94bf8cf1-c688-4e55-89fb-33579199eed0,Sophie A.,Murray,https://orcid.org/0000-0002-9378-5315,
5117de57-ba82-4e60-ace1-9783273dba6f,Denis,Nadeau,,ae360a03-7e17-4db5-87df-6934beaa5683
5b0cdd2a-c355-4145-875d-a3dc7c5069a4,,Nakshatra,,c9d60937-2e24-4752-84c3-2dff25ffe195
2c4c77fe-a1ba-4a54-aafa-699a0f821be4,,Naman9639,,
d857c04b-fb2c-4538-ae33-0c566c27fe36,Jonathan T.,Niehof,https://orcid.org/0000-0001-6286-5809,6da76f19-0dd1-47e2-8518-9c2220c5879b
21e5b374-c27e-4218-9d60-451de6cd83da,Yukie,Nomiya,https://orcid.org/0000-0002-9572-6300,3bc2249f-f709-475c-a806-f875545a9da4
f5e43456-249d-4c83-818d-998e3088dd7f,,nsshirman,,
80ffd628-fa69-4e57-8eee-a8c63cdd4f79,Evin,O'Shea,,
583a36cf-21a7-4639-b54f-6ba23e043c8a,,OussCHE,,
92c0080f-1951-4a22-a6ea-2a8a2ef0381b,Enrico,Paganin,,
b7541ba3-a976-45d4-b411-42ab6ce9c3f8,Christian,Palmroos,https://orcid.org/0000-0002-7778-5454,acb7415f-70c1-466c-a1c0-e4deb76c479f
66b64319-c80a-437f-b22e-671a60c06198,Asish,Panda,,
8820e017-4cc6-4816-9f39-a3e5181f904b,Abhishek,Pandey,,
ec60c61e-d773-4b73-ae62-2cb44a75d929,Mridul,Pandey,,
e3e1b9ee-1784-491b-8604-4a93b6f0c8a9,Tulasi,Parashar,https://orcid.org/0000-0003-0602-8381,958d4923-78bc-40e3-a8d8-1498fcd22f49
eefea7fd-e112-4cad-aefd-7f9f98ab3b87,Jongyeob,Park,https://orcid.org/0000-0002-1063-9129,330a7371-c183-4ede-a2dd-7542f0e2113b
2454c5f5-e96a-4b2d-a45d-4bb79b9de81a,Utkarsh,Parkhi,,
18110118-9e35-47d2-a62e-89f186fcb5ce,Neil,Patel,,
69f2375e-5a4a-41f1-a701-0b8301b09307,Himanshu,Pathak,https://orcid.org/0000-0001-9387-4492,5a077c44-2db8-47c9-8e9d-912853599ddc
a1aff984-5a0f-4379-a124-a6a12bc859bb,Punyaslok,Pattnaik,https://orcid.org/0000-0001-6216-2353,0b1d1ece-9faa-4c76-9a5f-aba7e68e996e
b4bcc825-3e6a-4492-907a-4d3da183a207,Jeffrey Aaron,Paul,,ae55eb78-ff59-47ed-ab35-377290079cd7
8c770ef1-adc2-4c20-9603-d1ba1367b03d,Tathagata,Paul,,
174996c2-882a-45fa-9f6c-96d197c8d78a,Asher,Pembroke,,
851e8659-4cfc-46a7-a018-e39b22ee1504,Tiago M. D.,Pereira,,
d7835165-2981-4bf6-b4b3-9b608f239da0,Tiago M. D.,Pereira,https://orcid.org/0000-0003-4747-4329,5af21e63-f600-4fd4-a3f6-da021ce4df20
45ec6dcb-466a-42b2-85df-01b56257cba1,Roberto Díaz,Pérez,,
9e3f67c4-6bbd-415c-8d64-6b293808a2e1,David,Pérez-Suárez,https://orcid.org/0000-0003-0784-6909,fda070ab-2cf9-496e-be32-cf6ac1928735
762d649c-4a7b-49fc-b00b-1178f14718a1,Advait,Pimparkar,,
3cc7c1ce-b9cd-469c-a30a-9e00f221e1e5,Jakub,Polak,,
21fe2bd8-d210-42c1-bb5f-cc860066c7e0,Shawn A.,Polson,,
27c7edae-7798-4f0e-803b-5371c689a745,,pradeep,,
1d578721-f86f-44fe-b199-2b1c17e0988b,Adrian,Price-Whelan,https://orcid.org/0000-0003-0872-7098,29476061-a924-4b85-b9f5-90a5ab96f791
afca228c-46aa-42a2-9e63-fa9d0455020f,Jia,Qing,,
dda104f3-38b3-40c5-b03b-ce41b037a64c,Tan Jia,Qing,https://orcid.org/0009-0003-6749-982X,c54c58a8-d0b7-417e-afa1-437110e3c9ea
9391d7ca-6fae-42a0-bdbc-951dd19ef7d0,Lutz,Raestatter,,
27cf559c-b3ae-4153-ad12-dcebd8d93d26,Raajit,Raj,,
d71a7b04-8012-407f-95cb-1bc4b6193a73,Vishwas,Rajashekar,https://orcid.org/0000-0002-4914-6612,
87bbed7f-285e-41c2-852a-aa7001bf4a5c,Kritika,Ranjan,https://orcid.org/0000-0001-5638-016X,3fc11351-0358-4df5-9c7e-8af70fa9f3b9
0d49c9e8-13c8-4973-bc15-c0b7708fe49c,Afzal,Rao,,
bcee72f7-6155-4c69-9ff4-0710f919864e,Jeffrey,Reep,https://orcid.org/0000-0003-4739-1152,6e44f0c5-16b1-42b1-a3a6-dab766ea8eea
033fe67d-d730-4817-9312-e348179f508f,Katharine,Reeves,https://orcid.org/0000-0002-6903-6832,"a0bf0952-5597-43f5-aed6-67d1c3dfb591,395ea4e7-9c7d-4902-94b8-c21bc5bb0845,f5dcbba1-92ac-40d4-8e12-706134145335"
cf5d7790-a902-47fe-87b3-bc0a5e6411cd,Guntbert,Reiter,,
018c2daf-2faf-479b-97c0-7605114a577a,,resakra,,
5af7d1a3-55b3-46fd-932a-26d8d38c0752,Jai Ram,Rideout,https://orcid.org/0000-0003-2587-1454,18005ced-976f-45db-a26a-626cf257f9ae
020d66d7-d53c-451b-9fca-be1600431111,Rebecca,Ringuette,https://orcid.org/0000-0003-0875-2023,e63d6755-8e8e-4959-9c82-f16a5ba0b4f5
9bdd5e63-96a8-48e6-8860-cf9469c98178,Rebecca,Ringuette,,
9a845e9b-381c-4bac-8504-ae85fca67ae7,Andrew,Robbertz,,
0a87bef7-a343-4e78-8cbf-a68a9dbefa5b,Clément,Robert,https://orcid.org/0000-0001-8629-7068,
97b3938e-31bd-4d41-9b8e-6b8be5bbe652,Thomas,Robitaille,,
5212d5a9-cfb7-45de-a302-37692fef700b,Anthony,Rogers,https://orcid.org/https://orcid.org/0000-0002-6127-449X,
0ddc59e9-4bc5-4000-bf00-eb2df0a2cffe,Saurav Kumar,Roy,https://orcid.org/0009-0007-3703-6532,ca130b9d-1fcb-4ede-b230-1dd98ab5cc38
864b264a-9a19-47af-a85c-bcb3d99d3124,Jose Ivan Campos,Rozo,https://orcid.org/0000-0001-8883-6790,72e43df2-f177-4796-9798-5f339f42cf85
54e74b2e-292f-4284-844c-430babadbb67,Cindy,Russell,,df2eece9-956d-44d2-a946-8bd78f235caa
609ff412-7728-4cb3-b51e-4e33026ff8e8,William,Russell,,
c1231a09-dbd1-4be9-87c6-44387f12704f,Daniel F.,Ryan,https://orcid.org/0000-0001-8661-3825,a1ef4aae-9704-4a50-a6ea-882d6385b87a
f24e8fa7-1fb1-4355-af19-7116d3be5a5e,Ahmad,Saeed,,
3a469ccb-3233-4117-b004-656e8fa03deb,Antonia,Savcheva,https://orcid.org/0000-0002-5598-046X,45932f91-9568-4106-afe7-6ce9fd15e6b1
c048ce91-3977-407d-b4d5-8a788bd44478,Mickaël,Schoentgen,https://orcid.org/0000-0002-0106-4810,
67fea142-ca76-4d32-a499-659895194b14,Peter,Schumate,,
e0a4566e-ca05-4875-b642-de77fbc836ae,,Scivision,,
78ff69d9-bf68-4060-bf18-ec33407566ae,Daniel,Seaton,https://orcid.org/0000-0002-0494-2025,
b15dc90b-691b-4a89-b4d9-37cd0629481f,Joshua,Semeter,,80c4c74e-abb4-4730-b6b7-a2805dee334e
d11f1d5d-28a4-413e-9fb1-59b062197c1d,William,Setterberg,https://orcid.org/0000-0003-2165-8314,313ebc15-5b65-4e96-b746-f1ab74d2250f
fb348811-ed9f-4449-b3b3-af2786401b53,Harsh,Shah,https://orcid.org/0009-0000-0795-8471,292e07da-93b5-4a76-b935-ef3595e8b4d6
7ebcbe3c-82af-40e6-985c-bbf3d7e8d57a,Nakul,Shahdadpuri,,
5fd0f2d8-409b-4368-8497-1d9a8685ce7f,Deepankar,Sharma,,
378f668b-85e2-46e9-b03b-f5a9694baea1,Piyush,Sharma,https://orcid.org/0009-0005-1579-5787,8e4d638c-22e3-444c-aec6-7fcd1c749fcf
2563df70-29b3-4d20-9a30-545a167b6a41,Prisha,Sharma,,
10ca01cf-8659-4bd4-9e39-6a94a3eebb70,Rishabh,Sharma,,
bd2c7362-5aea-4092-a1a5-68bd232f586e,Rohan,Sharma,,
cbcd4eb3-e11a-4544-a929-546c420c2cf9,Swapnil,Sharma,,
42ab6784-6377-4c20-afe1-426a4a1b3f6c,Yash,Sharma,https://orcid.org/0000-0002-7861-9677,376159c6-ff7a-45a6-b476-d954e0ef2e5f
9826302b-0287-48ae-8d69-b0701313722d,Akhoury,Shauryam,https://orcid.org/0009-0005-8038-8301,38ddb9b3-89eb-4ac6-9874-500815c428b3
76d372db-3fcb-4fb2-95d1-5da1e9922833,Chengcai,Shen,https://orcid.org/0000-0002-9258-4490,05b27f66-97dc-4364-8d7d-0eae5bfb3cc2
c0038ca7-c669-49e6-8b85-f298f004f9a1,Dawa Nurbu,Sherpa,,
1a3d2ba6-c58a-4e60-8852-2ef6370f8efc,Albert Y.,Shih,,
cfc6ddd0-e643-4abb-a240-f21fd4214236,Albert Y.,Shih,https://orcid.org/0000-0001-6874-2594,99137934-5a31-40d2-b99d-bd4ccb29864c
bab8c4e2-01b8-44c2-83b3-a1ba18be79b6,Aryan,Shukla,https://orcid.org/0009-0001-9467-4836,06d71c7c-4390-4d3b-b5bf-759471a0a263
d88b5d3e-5374-46b2-953d-2d2d8561daff,Devansh,Shukla,https://orcid.org/0000-0003-0610-9747,effbed86-2935-4bb7-a152-a9b399965225
b35afae4-a71f-48bc-8f5c-ef0b51293bd0,Mykhaylo,Shumko,https://orcid.org/0000-0002-0437-7521,c97a18a8-2b38-4eff-8f50-dbf23bec67a8
8987b137-c0bc-41ca-8838-c06328d11f2c,Sudeep,Sidhu,,
87bcaf85-dcdb-47c8-806c-9e2acbef3e3a,Daniel da,Silva,https://orcid.org/0000-0001-7537-3539,9a203974-b810-42a6-a102-ef77553fc5ff
9dfaea63-bfce-4b46-954e-025a0fb64aa5,Frank,Silva,,
011623c5-bd7d-4848-9ba9-8d0bb24581f0,Trestan F.,Simon,https://orcid.org/0009-0000-3029-8619,
e9c9946e-e0a9-4c65-bbda-0ea73fb31d94,Karthikeyan,Singaravelan,,
29c4d65b-ac8c-4705-be0a-0833c37c979f,Angad,Singh,,
c49ae915-2d99-44b5-bef8-a9d88028e589,Ankit,Singh,,
b625d336-1da6-4905-b32b-fa9f2f4456a2,Manit,Singh,https://orcid.org/0009-0002-6031-3810,2081365c-44f8-4f7f-9170-0ed5519cfac7
6955e093-4b08-4401-b1a6-cf721295055e,Nischal,Singh,https://orcid.org/0009-0007-2165-052X,788eabe0-ace5-4894-a00f-4a6f85a6846a
379d55dc-9bbc-4aaf-b108-f0855fc758d5,Raahul,Singh,https://orcid.org/0000-0003-4114-8856,e0ed1415-ce5b-4410-8af8-d922567e7ae1
b96141f9-e91a-4892-b5f2-324d77194782,Rajiv Ranjan,Singh,https://orcid.org/0000-0002-1266-4790,f93b4358-47aa-4a69-b067-8b9118784639
5a04cbb8-6a73-47d2-8094-bb4cba867127,Anubhav,Sinha,,
d44c7b58-de17-4d4e-84ff-f99c738f00fb,Aritra,Sinha,https://orcid.org/0009-0008-2531-1012,85ec6e44-8d0e-4759-bfbf-6a605f6415ea
2b354602-6199-44b3-a637-a2774cb7d0e1,Brigitta,Sipőcz,https://orcid.org/0000-0002-3713-6337,b3dee141-7abb-4c4c-bea8-9cde1925bb87
429098eb-0cc0-44d5-9e36-643d32175f50,Jonathan,Slavin,https://orcid.org/0000-0002-7597-6935,2f074408-9c3b-4ef8-8dbe-92b9a9f99977
6cafe591-0018-4df8-8fc9-a7e1299a3713,Arfon,Smith,,
fed3ac50-0a35-48b8-9ce2-d172e7f864e0,Isaiah,Smith,,
768c32a9-877a-45db-99ef-5bc4dcc5e111,Isaiah,Smith,,
1fccb894-2cc3-4166-b62b-fddb5ea6071b,Jonathon,Smith,,
89f96fcf-d4dc-44be-a3ed-a633589b7136,Shashank,Srikanth,,c112534a-4b78-42c3-ab69-1b87c647db6d
1772cce4-923c-49c3-98a7-d43f12439ee6,Naveen,Srinivasan,,
ba5da7aa-2cfb-4caf-99ec-0321f66774e3,Rajul,Srivastava,,
c5050d01-41b1-454d-83ad-542873399ec1,Dominik,Stańczak,https://orcid.org/0000-0001-6291-8843,"b9a415f9-9b50-4ac2-aa0c-631dc7d8847a,916bb4a6-0502-4490-85da-6789b4ac2588"
365bd577-d56d-4a19-b32f-005ff6582248,David,Stansby,,8e3e59b1-1ec6-408d-8c1d-8e77c2b1097f
beba2566-9423-4a50-937d-334cfcf8b9b7,David,Stansby,https://orcid.org/0000-0002-1365-1908,"d816bcad-403c-45c1-bf56-ac6ad5ceee72,7c9fd1e1-551b-469f-9182-4432e39b9e75,6156b5f1-8bcd-4512-9d65-0833d81cd8f2,752affb9-7d13-4eed-b11c-b4a60fdfd568"
261f3542-39fb-4da1-869f-afbdeb5cd905,Greg,Starr,,100cbd79-2b1d-49f9-87b5-6acfae4ff159
20d2884c-c2e2-4808-abbc-c655bc81854b,Kris Akira,Stern,https://orcid.org/0000-0003-1613-8947,da5c640b-d782-47a2-8d81-16d9a8cce129
229640d3-19aa-4213-9117-a43634c651a8,Abigail L.,Stevens,https://orcid.org/0000-0002-5041-3079,ee535dd7-11ea-49b7-a040-4796ffeb28a5
a870445d-e24e-418a-b43a-7423f00c72f8,Brandon,Stone,,
c8b1c84d-5d50-444d-99fe-cdfd78476a55,Ole,Streicher,https://orcid.org/0000-0001-7751-1843,6ba02d70-7896-484c-8b8b-fab0ba7b5c36
babc6c1c-9898-4a8d-a9d8-45c7367784c7,Anna,Stuhlmacher,,3198fe5b-2a31-47af-aaac-472d8517a1e4
40dc8b1f-5f68-4bbe-9652-b1f65d4953a6,,Supervised,,58561273-d1d7-4b45-9a97-12db7124f351
4278013d-0002-413f-96c5-ab2f393ed0d2,Rutuja,Surve,,
0ddb1d01-cd3a-48aa-a24d-3c243fa96403,John,Swoboda,https://orcid.org/0000-0003-2627-2031,6b2ad6ea-c2fe-4bfc-92ac-a69ad769120a
1b89c0d8-910f-4caa-86fd-49277c0486ba,Andy,Tang,,
4072ec7f-af25-455a-a9d7-b184c5e4b030,Antoine,Tavant,https://orcid.org/0000-0003-0010-8073,d25e3c9b-ee3a-42dd-bac3-44b19f0f6121
9e6ce1cb-8bd4-4f9a-bbdd-361884aa442f,Garrison,Taylor,,cf37d24f-43c6-4620-98f3-423ed5f0c2b4
67c788db-bec5-49da-8292-421c6af8542b,Jan Christoph,Terasa,,5b67bb43-a51c-42c3-b0dd-04a682363ca8
d90322fe-824f-4efd-afda-0139f74138b1,Sheng,Tian,,0c97c9d5-2429-4732-9fce-a628e8018cc0
b6947c2d-4bf7-4c00-8653-ed617eaa8870,Manish,Tiwari,,
3655a0ec-f956-4cc6-af5b-d6a6b19085d1,Erik,Tollerud,,
8f0eafe2-c440-4a7e-98b7-f5e6fe7332ff,Akshit,Tyagi,https://orcid.org/0009-0005-4804-9035,a699e05b-d01a-40f4-bdf8-90383542a076
d2384c55-e472-44df-8e78-2673bbff747e,UNKNOWN,UNKNOWN,,
893160e8-07e5-440a-9fb8-e3d1867f1ae8,Rami,Vainio,https://orcid.org/0000-0002-3298-2067,acb7415f-70c1-466c-a1c0-e4deb76c479f
c154d944-30c6-453d-b43b-2982cadd277b,Jon,Vandegriff,,
56a5e659-736c-4e6e-8fa9-4601633eaeac,Tania,Varesano,https://orcid.org/0000-0003-0256-9295,
da165973-9ac4-45ae-9865-08b2c9d2f1f7,Thomas,Varnish,,
a76d0dce-0282-40be-ac0e-3804e59f7a95,Joy,Velasquez,,
c361c1ab-7e3e-43e3-90e5-83001cac2d3d,Joy,Velasquez,https://orcid.org/0009-0005-4804-0946,"e5cc2652-326f-4d72-809c-41251fe0f278,eeb98e70-f24e-438d-a1b4-22323da1a6ec,48e60b29-f03c-407b-8cfd-584b80bc8523"
da979f7f-b51a-40ac-9633-9d3f40f8eb13,Akash,Verma,,
49794b3b-7dc8-4331-8bb9-0f96017456ce,Dipanshu,Verma,https://orcid.org/0000-0003-2461-5547,a156d3ba-2456-4aa4-9448-c6a404d5781f
093c5955-7453-4558-906d-aacbbc90c145,Shresth,Verma,https://orcid.org/0000-0003-0370-5471,c8c01b8b-6b80-41b8-945c-47073da3e0b3
0e3d5eb3-2188-48e2-beda-cbb656401129,Freek,Verstringe,,505f9429-0e39-4c4c-bd3b-7c82f6247f20
0d577de6-f92a-4c62-9bef-1b356ab424ee,Ruben De,Visscher,,
10a4aae5-e2d9-4168-bb9c-d471adcd782c,Anthony,Vo,,
e354586e-2b49-4e3a-9ebc-ec9d466dbe21,,w2ruf,,
cf20aa4e-9077-4ea3-b646-fd23e7e72602,Alex,Wang,,
406dd479-6892-4a86-89eb-9f46c52d881f,Mark,Weber,https://orcid.org/0000-0001-7098-7064,"9b330ec3-6fa8-41f3-b089-948aad3f33dc,06137ad0-65cb-4b82-b3b8-b3cb14c3b6a4,faaaab88-44ff-4666-be38-cc560ba1705f"
62728681-cb32-44cd-af89-b232a841b250,Bob,Weigel,,87ea06e9-fcd0-49d1-b778-05e619dc9a4d
24787c53-bd4e-4e7c-b415-0726717eeecf,Robert S.,Weigel,,
fb226e1e-c094-429c-ae96-7590c98410c7,Andreas J.,Weiss,,
a0844705-37e7-4686-985f-33669cf005d8,Daniel T.,Welling,https://orcid.org/0000-0002-0590-1022,3263f163-f39a-4284-8d60-836619fb7395
9fceb849-af91-40f7-8ca4-064b2124b888,Matt,Wentzel-Long,https://orcid.org/0000-0002-3106-4598,3aa1f931-a033-40af-8fc5-b576307f8c2e
f8f71b90-9862-4b1b-b774-5c1d449ad78a,Bernhard M.,Wiedemann,,
947d886a-aa96-445c-bd67-13ac17588839,Tessa D.,Wilkinson,,
848c2c56-80f9-487d-a4a7-efdbf47c69ee,Daniel,Williams,https://orcid.org/0000-0003-3772-198X,8da4af79-3367-4533-a6d0-d2e08f44a78d
0ca4f2ff-b65c-4884-bc9e-329500ff9dc2,Alasdair,Wilson,https://orcid.org/0000-0003-0820-8159,d5ef6e22-85a7-4b21-8e29-d1096357dca9
0cd89d9a-42c0-4956-8412-938760251bf1,Jaylen,Wimbish,,
fe8eee07-84fd-4009-9b91-a8daed612b0d,Paul,Wright,,a3f9b623-f817-4cef-872e-7df991087a57
1c26290f-9e8b-4c77-877f-535753b19d2d,Paul J.,Wright,https://orcid.org/0000-0001-9021-611X,7db12e92-825d-4c56-959e-7a1e386c1818
a4311539-b94a-437a-8ba3-484d2b02407a,Jiashu,Wu,,df2eece9-956d-44d2-a946-8bd78f235caa
d3bbc0e6-22a8-4deb-936c-6ff60b5fe8e2,Sixue,Xu,https://orcid.org/0000-0001-7959-8495,5d1beafb-ceba-4800-850a-8a7d57e11788
cb0d4784-502b-4139-8f50-d198038fd66e,Tannmay,Yadav,https://orcid.org/0000-0002-3143-5635,14a3b2b6-8f90-4dc2-8ca2-b32d272d0c7e
8ee66668-5011-4f57-bb4a-1a20cb93eabc,,yasintoda,,
58393c34-370f-44b0-a977-c5dec5fc8e2c,Tanish,Yelgoe,,9a986ee3-967c-4155-a7a3-bfd3c22eb3f9
a9e3a41d-3216-4e8a-998f-b2e1d1a75862,Sijie,Yu,https://orcid.org/0000-0003-2872-2614,bd9b52ac-d477-4f34-bb3d-1e3129dbec17
07c82375-96cb-4e1d-8a0b-ed4cfe29f77b,Serge,Zahniy,https://orcid.org/0000-0001-8835-7087,512b5a0c-ce05-47ce-964c-360007eff4ae
062fba9f-ea7b-4702-aa99-ae8d9b3d7901,Darren de,Zeeuw,https://orcid.org/0000-0002-4313-5998,"aa42ae10-24a0-4368-91d3-8fad939e6c01,3fb73794-4879-4e36-b170-07a149a5133a,122e877a-5ed6-4b19-b7e1-94800face9ab,c6bf9f6b-4eae-4e7c-92f3-7d1e45e56a1e"
61c33efe-13c1-499d-94ba-fec14731f79b,Carol,Zhang,,
51cf5a6d-2b14-4518-b894-84c5647a8b00,Lazar,Zivadinovic,https://orcid.org/0000-0003-1349-1606,
